{"cameraMode":{"drawMode":0,"name":"Shaded","section":"Shading Mode"},"sceneLighting":true,"audioPlay":false,"sceneViewState":{"m_AlwaysRefresh":false,"showFog":true,"showSkybox":true,"showFlares":true,"showImageEffects":true,"showParticleSystems":true,"showVisualEffectGraphs":true,"m_FxEnabled":true},"in2DMode":false,"pivot":{"x":-31.303874969482423,"y":18.711742401123048,"z":0.4409502148628235},"rotation":{"x":-0.1770251989364624,"y":-0.49792978167533877,"z":0.10445567965507508,"w":-0.842578649520874},"size":0.8660251498222351,"orthographic":false}